Date,EUR-USD,XAG-USD
2020-01-02 00:00:00+00:00,0.00000000,0.00000000
2020-01-03 00:00:00+00:00,-0.00089518,0.00404825
2020-01-06 00:00:00+00:00,0.00313606,-0.00302588
2020-01-07 00:00:00+00:00,-0.00366219,0.02568772
2020-01-08 00:00:00+00:00,-0.00372047,-0.02431807
2020-01-09 00:00:00+00:00,-0.00031495,-0.01218638
2020-01-10 00:00:00+00:00,0.00099014,0.00890365
2020-01-13 00:00:00+00:00,0.00161921,-0.00695021
2020-01-14 00:00:00+00:00,-0.00062868,-0.00538159
2020-01-15 00:00:00+00:00,0.00224669,0.01048500
2020-01-16 00:00:00+00:00,-0.00138982,-0.00382865
2020-01-17 00:00:00+00:00,-0.00417527,0.00448393
2020-01-20 00:00:00+00:00,0.00018027,0.00174583
2020-01-21 00:00:00+00:00,-0.00103636,-0.01756618
2020-01-22 00:00:00+00:00,0.00099233,0.00703948
2020-01-23 00:00:00+00:00,-0.00364996,-0.00603959
2020-01-24 00:00:00+00:00,-0.00275881,0.01890402
2020-01-27 00:00:00+00:00,-0.00045354,-0.00683428
2020-01-28 00:00:00+00:00,0.00027224,-0.03371563
2020-01-29 00:00:00+00:00,-0.00077115,0.00529101
2020-01-30 00:00:00+00:00,0.00131651,0.01502134
2020-01-31 00:00:00+00:00,0.00575781,0.01115533
2020-02-03 00:00:00+00:00,-0.00238976,-0.02098772
2020-02-04 00:00:00+00:00,-0.00162712,-0.00502754
2020-02-05 00:00:00+00:00,-0.00398388,0.00073807
2020-02-06 00:00:00+00:00,-0.00177265,0.01066576
2020-02-07 00:00:00+00:00,-0.00332392,-0.00437846
2020-02-10 00:00:00+00:00,-0.00360747,0.00092955
2020-02-11 00:00:00+00:00,0.00082493,-0.00731694
2020-02-12 00:00:00+00:00,-0.00393809,-0.00618019
2020-02-13 00:00:00+00:00,-0.00317212,0.00795869
2020-02-14 00:00:00+00:00,-0.00096850,0.00325456
2020-02-17 00:00:00+00:00,-0.00041507,0.00408646
2020-02-18 00:00:00+00:00,-0.00387561,0.01975974
2020-02-19 00:00:00+00:00,0.00138953,0.01304635
2020-02-20 00:00:00+00:00,-0.00208141,0.00100527
2020-02-21 00:00:00+00:00,0.00556199,0.00363705
2020-02-24 00:00:00+00:00,0.00096877,-0.00337295
2020-02-25 00:00:00+00:00,0.00285741,-0.02951920
2020-02-26 00:00:00+00:00,0.00059743,-0.00783261
2020-02-27 00:00:00+00:00,0.01010426,-0.00686231
2020-02-28 00:00:00+00:00,0.00268267,-0.06193472
2020-03-02 00:00:00+00:00,0.00836953,0.01548492
2020-03-03 00:00:00+00:00,0.00287137,0.02630640
2020-03-04 00:00:00+00:00,-0.00344473,-0.00466302
2020-03-05 00:00:00+00:00,0.00758664,0.01815748
2020-03-06 00:00:00+00:00,0.00565828,-0.01086025
2020-03-09 00:00:00+00:00,0.00096593,-0.03283608
2020-03-10 00:00:00+00:00,-0.00745679,0.00322075
2020-03-11 00:00:00+00:00,-0.00464027,-0.00954288
2020-03-12 00:00:00+00:00,-0.00701505,-0.06491614
2020-03-13 00:00:00+00:00,-0.00675162,-0.06408014
2020-03-16 00:00:00+00:00,0.00062741,-0.11980399
2020-03-17 00:00:00+00:00,-0.01321211,-0.01915915
2020-03-18 00:00:00+00:00,-0.00653565,-0.03953652
2020-03-19 00:00:00+00:00,-0.02645164,-0.01226769
2020-03-20 00:00:00+00:00,0.00309714,0.04250051
2020-03-23 00:00:00+00:00,0.00692268,0.10912164
2020-03-24 00:00:00+00:00,0.00325173,0.06417558
2020-03-25 00:00:00+00:00,0.00833449,-0.01847685
2020-03-26 00:00:00+00:00,0.01464848,0.00128508
2020-03-27 00:00:00+00:00,0.00850833,0.00426654
2020-03-30 00:00:00+00:00,-0.00965294,-0.02590313
2020-03-31 00:00:00+00:00,-0.00022668,-0.00267704
2020-04-01 00:00:00+00:00,-0.00680180,0.00136001
2020-04-02 00:00:00+00:00,-0.00963338,0.03420423
2020-04-03 00:00:00+00:00,-0.00322700,-0.00286840
2020-04-06 00:00:00+00:00,-0.00060155,0.05666204
2020-04-07 00:00:00+00:00,0.00879711,-0.01569632
2020-04-08 00:00:00+00:00,-0.00312098,-0.00013344
2020-04-09 00:00:00+00:00,0.00584715,0.02826065
2020-04-10 00:00:00+00:00,0.00096123,NaN
2020-04-13 00:00:00+00:00,-0.00109769,0.00514624
2020-04-14 00:00:00+00:00,0.00581502,0.01578095
2020-04-15 00:00:00+00:00,-0.00728365,-0.01598239
2020-04-16 00:00:00+00:00,-0.00408126,0.00418207
2020-04-17 00:00:00+00:00,0.00147343,-0.01940274
2020-04-20 00:00:00+00:00,0.00000000,0.01080186
2020-04-21 00:00:00+00:00,-0.00069035,-0.02379860
2020-04-22 00:00:00+00:00,-0.00460554,0.01198791
2020-04-23 00:00:00+00:00,-0.00296118,0.01171318
2020-04-24 00:00:00+00:00,0.00445496,-0.00108232
2020-04-27 00:00:00+00:00,0.00032345,-0.00606756
2020-04-28 00:00:00+00:00,0.00073906,-0.00079195
2020-04-29 00:00:00+00:00,0.00415417,0.00970906
2020-04-30 00:00:00+00:00,0.00620547,-0.02096484
2020-05-01 00:00:00+00:00,0.00324349,0.00263914
2020-05-04 00:00:00+00:00,-0.00524587,-0.00339108
2020-05-05 00:00:00+00:00,-0.00596139,0.00737796
2020-05-06 00:00:00+00:00,-0.00373668,-0.00284262
2020-05-07 00:00:00+00:00,0.00356548,0.02351008
2020-05-08 00:00:00+00:00,0.00018456,0.01379514
2020-05-11 00:00:00+00:00,-0.00262964,-0.00751300
2020-05-12 00:00:00+00:00,0.00333040,-0.00064700
2020-05-13 00:00:00+00:00,-0.00225900,0.00932280
2020-05-14 00:00:00+00:00,-0.00133999,0.01856960
2020-05-15 00:00:00+00:00,0.00097164,0.04688435
2020-05-18 00:00:00+00:00,0.00878085,0.01126552
2020-05-19 00:00:00+00:00,0.00109951,0.01780650
2020-05-20 00:00:00+00:00,0.00494234,0.00522838
2020-05-21 00:00:00+00:00,-0.00277778,-0.02414838
2020-05-22 00:00:00+00:00,-0.00424677,0.00913697
2020-05-25 00:00:00+00:00,-0.00059589,-0.00326359
2020-05-26 00:00:00+00:00,0.00706325,0.00339122
2020-05-27 00:00:00+00:00,0.00350685,0.00533186
2020-05-28 00:00:00+00:00,0.00553690,0.00985364
2020-05-29 00:00:00+00:00,0.00243726,0.02462333
2020-06-01 00:00:00+00:00,0.00085462,0.01341261
2020-06-02 00:00:00+00:00,0.00539302,-0.01435394
2020-06-03 00:00:00+00:00,0.00442537,-0.02187214
2020-06-04 00:00:00+00:00,0.00894526,0.00104730
2020-06-05 00:00:00+00:00,-0.00392572,-0.01461856
2020-06-08 00:00:00+00:00,-0.00110458,0.01652513
2020-06-09 00:00:00+00:00,0.00252123,-0.00801535
2020-06-10 00:00:00+00:00,0.00304434,0.02313076
2020-06-11 00:00:00+00:00,-0.00694994,-0.01946553
2020-06-12 00:00:00+00:00,-0.00287916,-0.00748703
2020-06-15 00:00:00+00:00,0.00759865,-0.00767387
2020-06-16 00:00:00+00:00,-0.00639471,0.00546212
2020-06-17 00:00:00+00:00,-0.00204172,0.00037169
2020-06-18 00:00:00+00:00,-0.00302437,-0.00448725
2020-06-19 00:00:00+00:00,-0.00276588,0.01090982
2020-06-22 00:00:00+00:00,0.00908155,0.00163137
2020-06-23 00:00:00+00:00,0.00305905,0.00999691
2020-06-24 00:00:00+00:00,-0.00552486,-0.02627409
2020-06-25 00:00:00+00:00,-0.00284444,0.01496202
2020-06-26 00:00:00+00:00,0.00000000,0.00025319
2020-06-29 00:00:00+00:00,0.00218311,0.00235651
2020-06-30 00:00:00+00:00,-0.00120032,0.01875175
2020-07-01 00:00:00+00:00,0.00160235,-0.01010989
2020-07-02 00:00:00+00:00,-0.00124428,-0.00360790
2020-07-03 00:00:00+00:00,0.00084538,0.00551501
2020-07-06 00:00:00+00:00,0.00582378,0.01521956
2020-07-07 00:00:00+00:00,-0.00335912,-0.00191147
2020-07-08 00:00:00+00:00,0.00558783,0.02352877
2020-07-09 00:00:00+00:00,-0.00436604,-0.00149689
2020-07-10 00:00:00+00:00,0.00110737,0.00251640
2020-07-13 00:00:00+00:00,0.00318331,0.01815037
2020-07-14 00:00:00+00:00,0.00572940,0.00867815
2020-07-15 00:00:00+00:00,0.00061350,0.00834435
2020-07-16 00:00:00+00:00,-0.00254007,-0.01529131
2020-07-17 00:00:00+00:00,0.00346856,0.00837770
2020-07-20 00:00:00+00:00,0.00122356,0.02938440
2020-07-21 00:00:00+00:00,0.00689595,0.12507845
2020-07-22 00:00:00+00:00,0.00255743,0.01872225
2020-07-23 00:00:00+00:00,0.00268062,-0.01082099
2020-07-24 00:00:00+00:00,0.00526066,0.00901280
2020-07-27 00:00:00+00:00,0.01017167,0.10948066
2020-07-28 00:00:00+00:00,-0.00424863,-0.05184910
2020-07-29 00:00:00+00:00,0.00533345,-0.00117446
2020-07-30 00:00:00+00:00,0.00772430,-0.03071623
2020-07-31 00:00:00+00:00,-0.00770721,0.03496712
2020-08-03 00:00:00+00:00,-0.00178246,-0.01271876
2020-08-04 00:00:00+00:00,0.00454913,0.08207770
2020-08-05 00:00:00+00:00,0.00490943,0.02466808
2020-08-06 00:00:00+00:00,0.00029481,0.10711630
2020-08-07 00:00:00+00:00,-0.00741021,-0.05160023
2020-08-10 00:00:00+00:00,-0.00381971,0.03319237
2020-08-11 00:00:00+00:00,-0.00008521,-0.14255495
2020-08-12 00:00:00+00:00,0.00502770,0.02860180
2020-08-13 00:00:00+00:00,0.00182296,0.07111518
2020-08-14 00:00:00+00:00,0.00228513,-0.03981431
2020-08-17 00:00:00+00:00,0.00194060,0.04544586
2020-08-18 00:00:00+00:00,0.00602105,0.02221978
2020-08-19 00:00:00+00:00,-0.00857992,-0.04501216
2020-08-20 00:00:00+00:00,0.00215299,0.02877482
2020-08-21 00:00:00+00:00,-0.00615022,-0.02512929
2020-08-24 00:00:00+00:00,-0.00038140,0.00291671
2020-08-25 00:00:00+00:00,0.00339156,-0.00512224
2020-08-26 00:00:00+00:00,0.00054926,0.03475785
2020-08-27 00:00:00+00:00,-0.00164689,-0.01758799
2020-08-28 00:00:00+00:00,0.00702140,0.02020333
2020-08-31 00:00:00+00:00,0.00163625,0.00669136
2020-09-01 00:00:00+00:00,-0.00117282,0.00561608
2020-09-02 00:00:00+00:00,-0.00650004,-0.02624463
2020-09-03 00:00:00+00:00,-0.00033768,-0.03918473
2020-09-04 00:00:00+00:00,-0.00025335,0.01683069
2020-09-07 00:00:00+00:00,-0.00130973,0.00063318
2020-09-08 00:00:00+00:00,-0.00439970,-0.00910089
2020-09-09 00:00:00+00:00,0.00314439,0.01372976
2020-09-10 00:00:00+00:00,0.00165198,-0.00561392
2020-09-11 00:00:00+00:00,0.00198757,-0.00372648
2020-09-14 00:00:00+00:00,0.00228031,0.01410816
2020-09-15 00:00:00+00:00,-0.00214873,-0.00149056
2020-09-16 00:00:00+00:00,-0.00316669,0.00158493
2020-09-17 00:00:00+00:00,0.00360032,-0.00460007
2020-09-18 00:00:00+00:00,-0.00063307,-0.00955691
2020-09-21 00:00:00+00:00,-0.00696467,-0.06392446
2020-09-22 00:00:00+00:00,-0.00484570,-0.02358886
2020-09-23 00:00:00+00:00,-0.00418589,-0.10209676
2020-09-24 00:00:00+00:00,0.00145835,0.05811728
2020-09-25 00:00:00+00:00,-0.00364057,-0.01352137
2020-09-28 00:00:00+00:00,0.00365293,0.03398786
2020-09-29 00:00:00+00:00,0.00552368,0.02046267
2020-09-30 00:00:00+00:00,-0.00153302,-0.03728129
2020-10-01 00:00:00+00:00,0.00174862,0.01943743
2020-10-02 00:00:00+00:00,-0.00238420,-0.00340179
2020-10-05 00:00:00+00:00,0.00593029,0.01918129
2020-10-06 00:00:00+00:00,-0.00441089,-0.04344881
2020-10-07 00:00:00+00:00,0.00242822,0.02076941
2020-10-08 00:00:00+00:00,0.00012749,0.00382554
2020-10-09 00:00:00+00:00,0.00522648,0.05308122
2020-10-12 00:00:00+00:00,-0.00025389,-0.00154676
2020-10-13 00:00:00+00:00,-0.00601033,-0.03986097
2020-10-14 00:00:00+00:00,0.00025549,0.00049645
2020-10-15 00:00:00+00:00,-0.00327799,0.00266711
2020-10-16 00:00:00+00:00,0.00098236,-0.00327862
2020-10-19 00:00:00+00:00,0.00452392,0.00836276
2020-10-20 00:00:00+00:00,0.00514084,0.01435475
2020-10-21 00:00:00+00:00,0.00190211,0.00793378
2020-10-22 00:00:00+00:00,-0.00307978,-0.01073546
2020-10-23 00:00:00+00:00,0.00380872,-0.00327988
2020-10-26 00:00:00+00:00,-0.00329169,-0.00723497
2020-10-27 00:00:00+00:00,-0.00232873,0.00135872
2020-10-28 00:00:00+00:00,-0.00280100,-0.03581341
2020-10-29 00:00:00+00:00,-0.00595821,-0.00594895
2020-10-30 00:00:00+00:00,-0.00261164,0.01480052
2020-11-02 00:00:00+00:00,-0.00012884,0.02669908
2020-11-03 00:00:00+00:00,0.01043770,0.01381244
2020-11-04 00:00:00+00:00,-0.00250808,-0.01833641
2020-11-05 00:00:00+00:00,0.00720222,0.05029740
2020-11-06 00:00:00+00:00,0.00482356,0.01786388
2020-11-09 00:00:00+00:00,-0.00571789,-0.06538543
2020-11-10 00:00:00+00:00,-0.00050742,-0.00270187
2020-11-11 00:00:00+00:00,-0.00329991,0.00279191
2020-11-12 00:00:00+00:00,0.00207988,0.00101054
2020-11-13 00:00:00+00:00,0.00266859,0.01631711
2020-11-16 00:00:00+00:00,0.00122415,0.00313905
2020-11-17 00:00:00+00:00,0.00037944,-0.01074031
2020-11-18 00:00:00+00:00,-0.00155934,-0.00904063
2020-11-19 00:00:00+00:00,0.00168840,-0.01270645
2020-11-20 00:00:00+00:00,-0.00075850,0.00873991
2020-11-23 00:00:00+00:00,-0.00193839,-0.02787586
2020-11-24 00:00:00+00:00,0.00468651,-0.01076913
2020-11-25 00:00:00+00:00,0.00155488,0.00319935
2020-11-26 00:00:00+00:00,-0.00046154,-0.00633548
2020-11-27 00:00:00+00:00,0.00436571,-0.02694669
2020-11-30 00:00:00+00:00,-0.00288172,0.00013240
2020-12-01 00:00:00+00:00,0.01114136,0.05167240
2020-12-02 00:00:00+00:00,0.00360383,0.00897915
2020-12-03 00:00:00+00:00,0.00255902,-0.00020793
2020-12-04 00:00:00+00:00,-0.00185261,0.00580235
2020-12-07 00:00:00+00:00,-0.00086634,0.01697339
2020-12-08 00:00:00+00:00,0.00000000,0.00099855
2020-12-09 00:00:00+00:00,-0.00255997,-0.02734121
2020-12-10 00:00:00+00:00,0.00538146,0.00410239
2020-12-11 00:00:00+00:00,-0.00251163,-0.00258479
2020-12-14 00:00:00+00:00,0.00127746,-0.00423747
2020-12-15 00:00:00+00:00,0.00045271,0.02645536
2020-12-16 00:00:00+00:00,0.00341437,0.03586235
2020-12-17 00:00:00+00:00,0.00537061,0.02141125
2020-12-18 00:00:00+00:00,-0.00048934,-0.00442025
2020-12-21 00:00:00+00:00,0.00188339,0.01548874
2020-12-22 00:00:00+00:00,-0.00388230,-0.03248534
2020-12-23 00:00:00+00:00,0.00053333,0.00610116
2020-12-24 00:00:00+00:00,-0.00086108,0.00837246
2020-12-28 00:00:00+00:00,0.00127008,0.01071647
2020-12-29 00:00:00+00:00,0.00270060,-0.00882308
2020-12-30 00:00:00+00:00,0.00375434,0.01856733
2020-12-31 00:00:00+00:00,-0.00670814,-0.00898316
2021-01-04 00:00:00+00:00,0.00024490,0.01208319
2021-01-05 00:00:00+00:00,0.00371338,0.01521339
2021-01-06 00:00:00+00:00,0.00325243,-0.01067280
2021-01-07 00:00:00+00:00,-0.00563278,-0.00432250
2021-01-08 00:00:00+00:00,-0.00387155,-0.06423604
2021-01-11 00:00:00+00:00,-0.00221538,0.00115833
2021-01-12 00:00:00+00:00,0.00398832,0.02383802
2021-01-13 00:00:00+00:00,-0.00384962,-0.01326839
2021-01-14 00:00:00+00:00,-0.00090446,0.00963589
2021-01-15 00:00:00+00:00,-0.00621348,-0.03088086
2021-01-18 00:00:00+00:00,0.00095305,0.03198646
2021-01-19 00:00:00+00:00,0.00509190,0.00937850
2021-01-20 00:00:00+00:00,-0.00205939,0.02395150
2021-01-21 00:00:00+00:00,0.00420983,0.00315366
2021-01-22 00:00:00+00:00,0.00045210,-0.01679878
2021-01-25 00:00:00+00:00,-0.00197255,-0.00819977
2021-01-26 00:00:00+00:00,0.00168822,0.00438043
2021-01-27 00:00:00+00:00,-0.00497390,-0.01137480
2021-01-28 00:00:00+00:00,0.00148723,0.05305725
2021-01-29 00:00:00+00:00,0.00115502,0.01885155
2021-02-01 00:00:00+00:00,-0.00457807,-0.00239414
2021-02-02 00:00:00+00:00,-0.00252745,-0.06055776
2021-02-03 00:00:00+00:00,0.00037385,0.00104421
2021-02-04 00:00:00+00:00,-0.00622846,-0.01911148
2021-02-05 00:00:00+00:00,0.00685246,0.02250328
2021-02-08 00:00:00+00:00,0.00033199,0.00020173
2021-02-09 00:00:00+00:00,0.00531010,-0.00161352
2021-02-10 00:00:00+00:00,0.00020633,-0.00789701
2021-02-11 00:00:00+00:00,0.00094892,-0.00068492
2021-02-12 00:00:00+00:00,-0.00086559,0.01363367
2021-02-15 00:00:00+00:00,0.00094881,0.00561480
2021-02-16 00:00:00+00:00,-0.00362677,-0.01847253
2021-02-17 00:00:00+00:00,-0.00351588,0.01237441
2021-02-18 00:00:00+00:00,0.00386036,-0.03002883
2021-02-19 00:00:00+00:00,0.00215018,0.02665137
2021-02-22 00:00:00+00:00,0.00321649,0.02963341
2021-02-23 00:00:00+00:00,-0.00106873,-0.01947649
2021-02-24 00:00:00+00:00,0.00152251,0.00948887
2021-02-25 00:00:00+00:00,-0.00094499,-0.01584516
2021-02-26 00:00:00+00:00,-0.00695016,-0.02958085
2021-03-01 00:00:00+00:00,-0.00347380,-0.00975564
2021-03-02 00:00:00+00:00,0.00302942,0.00680016
2021-03-03 00:00:00+00:00,-0.00318577,-0.02660530
2021-03-04 00:00:00+00:00,-0.00655792,-0.02589090
2021-03-05 00:00:00+00:00,-0.00430332,-0.00390694
2021-03-08 00:00:00+00:00,-0.00633044,-0.01092359
2021-03-09 00:00:00+00:00,0.00388153,0.03055042
2021-03-10 00:00:00+00:00,0.00231151,0.00954107
2021-03-11 00:00:00+00:00,0.00473814,-0.00389491
2021-03-12 00:00:00+00:00,-0.00229530,-0.00663191
2021-03-15 00:00:00+00:00,-0.00196653,0.00886760
2021-03-16 00:00:00+00:00,-0.00205425,-0.01103951
2021-03-17 00:00:00+00:00,0.00680558,0.01683086
2021-03-18 00:00:00+00:00,-0.00542435,-0.01268439
2021-03-19 00:00:00+00:00,-0.00117469,0.00839206
2021-03-22 00:00:00+00:00,0.00408112,-0.00305249
2021-03-23 00:00:00+00:00,-0.00775194,-0.02879678
2021-03-24 00:00:00+00:00,-0.00228041,0.00079813
2021-03-25 00:00:00+00:00,-0.00313214,0.00077756
2021-03-26 00:00:00+00:00,0.00144361,-0.00131485
2021-03-29 00:00:00+00:00,-0.00161188,-0.01446004
2021-03-30 00:00:00+00:00,-0.00382377,-0.02646671
2021-03-31 00:00:00+00:00,0.00029855,0.01731926
2021-04-01 00:00:00+00:00,0.00430630,0.02166929
2021-04-02 00:00:00+00:00,-0.00157079,NaN
2021-04-05 00:00:00+00:00,0.00420650,-0.00763664
2021-04-06 00:00:00+00:00,0.00482356,0.01396052
2021-04-07 00:00:00+00:00,-0.00012633,-0.00033775
2021-04-08 00:00:00+00:00,0.00362182,0.00983782
2021-04-09 00:00:00+00:00,-0.00117494,-0.00576647
2021-04-12 00:00:00+00:00,0.00134499,-0.01752163
2021-04-13 00:00:00+00:00,0.00352586,0.02210624
2021-04-14 00:00:00+00:00,0.00246779,0.00238560
2021-04-15 00:00:00+00:00,-0.00116827,0.01667912
2021-04-16 00:00:00+00:00,0.00125319,0.00483653
2021-04-19 00:00:00+00:00,0.00614086,-0.00295088
2021-04-20 00:00:00+00:00,-0.00083039,-0.00272748
2021-04-21 00:00:00+00:00,0.00041554,0.02882359
2021-04-22 00:00:00+00:00,-0.00191070,-0.01542203
2021-04-23 00:00:00+00:00,0.00686670,-0.00423185
2021-04-26 00:00:00+00:00,-0.00082716,0.00970706
2021-04-27 00:00:00+00:00,0.00082785,0.00082022
2021-04-28 00:00:00+00:00,0.00376360,0.00320195
2021-04-29 00:00:00+00:00,-0.00086527,-0.00818831
2021-04-30 00:00:00+00:00,-0.00853643,-0.00800690
2021-05-03 00:00:00+00:00,0.00261900,0.03941696
2021-05-04 00:00:00+00:00,-0.00369019,-0.01459976
2021-05-05 00:00:00+00:00,-0.00058263,-0.00145330
2021-05-06 00:00:00+00:00,0.00478867,0.03152762
2021-05-07 00:00:00+00:00,0.00845421,0.00553377
2021-05-10 00:00:00+00:00,-0.00246498,-0.01158839
2021-05-11 00:00:00+00:00,0.00028829,0.00870631
2021-05-12 00:00:00+00:00,-0.00543478,-0.01646449
2021-05-13 00:00:00+00:00,-0.00008280,-0.00261795
2021-05-14 00:00:00+00:00,0.00550633,0.01412226
2021-05-17 00:00:00+00:00,0.00053498,0.02792178
2021-05-18 00:00:00+00:00,0.00542919,-0.00336224
2021-05-19 00:00:00+00:00,-0.00425445,-0.01924716
2021-05-20 00:00:00+00:00,0.00447804,0.00329495
2021-05-21 00:00:00+00:00,-0.00368098,-0.00539536
2021-05-24 00:00:00+00:00,0.00279135,0.00424405
2021-05-25 00:00:00+00:00,0.00266077,0.01108904
2021-05-26 00:00:00+00:00,-0.00449090,-0.01087811
2021-05-27 00:00:00+00:00,0.00008202,0.00718736
2021-05-28 00:00:00+00:00,-0.00012302,0.00150611
2021-05-31 00:00:00+00:00,0.00352763,0.00508196
2021-06-01 00:00:00+00:00,-0.00122624,-0.00824313
2021-06-02 00:00:00+00:00,-0.00065480,0.01069922
2021-06-03 00:00:00+00:00,-0.00651132,-0.02534591
2021-06-04 00:00:00+00:00,0.00305029,0.01304807
2021-06-07 00:00:00+00:00,0.00197263,0.00527871
2021-06-08 00:00:00+00:00,-0.00147656,-0.00974928
2021-06-09 00:00:00+00:00,0.00049291,0.00700389
2021-06-10 00:00:00+00:00,-0.00045162,0.00514000
2021-06-11 00:00:00+00:00,-0.00529861,-0.00139465
2021-06-14 00:00:00+00:00,0.00103225,0.00131137
2021-06-15 00:00:00+00:00,0.00024748,-0.00660208
2021-06-16 00:00:00+00:00,-0.01068041,-0.01881818
2021-06-17 00:00:00+00:00,-0.00687758,-0.04205779
2021-06-18 00:00:00+00:00,-0.00428104,-0.00899222
2021-06-21 00:00:00+00:00,0.00349606,0.00162168
2021-06-22 00:00:00+00:00,0.00205675,-0.00645696
2021-06-23 00:00:00+00:00,-0.00058644,0.00362776
2021-06-24 00:00:00+00:00,-0.00012574,0.00268682
2021-06-25 00:00:00+00:00,0.00062877,0.00622675
2021-06-28 00:00:00+00:00,-0.00104677,-0.00066979
2021-06-29 00:00:00+00:00,-0.00238914,-0.01183455
2021-06-30 00:00:00+00:00,-0.00373934,0.01127863
2021-07-01 00:00:00+00:00,-0.00084345,-0.00331519
2021-07-02 00:00:00+00:00,0.00160392,0.01786161
2021-07-05 00:00:00+00:00,0.00054825,-0.00043491
2021-07-06 00:00:00+00:00,-0.00337197,-0.01201264
2021-07-07 00:00:00+00:00,-0.00249524,0.00111056
2021-07-08 00:00:00+00:00,0.00453659,-0.00833907
2021-07-09 00:00:00+00:00,0.00278563,0.00619117
2021-07-12 00:00:00+00:00,-0.00080017,0.00622629
2021-07-13 00:00:00+00:00,-0.00741802,-0.01090951
2021-07-14 00:00:00+00:00,0.00492569,0.00950914
2021-07-15 00:00:00+00:00,-0.00181695,0.00402334
2021-07-16 00:00:00+00:00,-0.00050798,-0.02518279
2021-07-19 00:00:00+00:00,-0.00173545,-0.02075391
2021-07-20 00:00:00+00:00,-0.00089043,-0.00818353
2021-07-21 00:00:00+00:00,0.00093367,0.01239661
2021-07-22 00:00:00+00:00,-0.00169599,0.00579601
2021-07-23 00:00:00+00:00,-0.00016989,-0.00973547
2021-07-26 00:00:00+00:00,0.00271808,-0.00047658
2021-07-27 00:00:00+00:00,0.00131300,-0.01720473
2021-07-28 00:00:00+00:00,0.00211497,0.01265439
2021-07-29 00:00:00+00:00,0.00379891,0.01916359
2021-07-30 00:00:00+00:00,-0.00185022,-0.00146900
2021-08-02 00:00:00+00:00,0.00063203,-0.00433206
2021-08-03 00:00:00+00:00,-0.00037898,0.00657558
2021-08-04 00:00:00+00:00,-0.00269599,-0.00747144
2021-08-05 00:00:00+00:00,-0.00033791,-0.00916328
2021-08-06 00:00:00+00:00,-0.00604217,-0.03184105
2021-08-09 00:00:00+00:00,-0.00097893,-0.00430733
2021-08-10 00:00:00+00:00,-0.00136333,-0.00586029
2021-08-11 00:00:00+00:00,0.00187713,0.00908877
2021-08-12 00:00:00+00:00,-0.00051099,-0.01380775
2021-08-13 00:00:00+00:00,0.00506987,0.02358643
2021-08-16 00:00:00+00:00,-0.00135662,0.00869510
2021-08-17 00:00:00+00:00,-0.00581593,-0.00981274
2021-08-18 00:00:00+00:00,-0.00055510,-0.00682500
2021-08-19 00:00:00+00:00,-0.00226438,-0.01191413
2021-08-20 00:00:00+00:00,0.00196977,-0.00846199
2021-08-23 00:00:00+00:00,0.00406087,0.02621454
2021-08-24 00:00:00+00:00,0.00072374,0.00951050
2021-08-25 00:00:00+00:00,0.00161661,0.00134285
2021-08-26 00:00:00+00:00,-0.00157153,-0.01125220
2021-08-27 00:00:00+00:00,0.00361594,0.01828893
2021-08-30 00:00:00+00:00,-0.00016951,-0.00217983
2021-08-31 00:00:00+00:00,0.00114441,-0.00524301
2021-09-01 00:00:00+00:00,0.00262489,0.01035305
2021-09-02 00:00:00+00:00,0.00278693,-0.01084729
2021-09-03 00:00:00+00:00,0.00071585,0.03488689
2021-09-06 00:00:00+00:00,-0.00100963,-0.00258643
2021-09-07 00:00:00+00:00,-0.00256875,-0.01420149
2021-09-08 00:00:00+00:00,-0.00202651,-0.01409782
2021-09-09 00:00:00+00:00,0.00033844,0.00275149
2021-09-10 00:00:00+00:00,-0.00093039,-0.01280506
2021-09-13 00:00:00+00:00,-0.00016933,-0.00138769
2021-09-14 00:00:00+00:00,-0.00059274,0.00448468
2021-09-15 00:00:00+00:00,0.00139801,0.00192840
2021-09-16 00:00:00+00:00,-0.00456891,-0.04025105
2021-09-17 00:00:00+00:00,-0.00339992,-0.02351992
2021-09-20 00:00:00+00:00,-0.00021314,-0.00373084
2021-09-21 00:00:00+00:00,-0.00034109,0.00932840
2021-09-22 00:00:00+00:00,-0.00302824,0.00806470
2021-09-23 00:00:00+00:00,0.00496257,-0.00526733
2021-09-24 00:00:00+00:00,-0.00217104,-0.00675751
2021-09-27 00:00:00+00:00,-0.00226061,0.00950023
2021-09-28 00:00:00+00:00,-0.00085499,-0.00603088
2021-09-29 00:00:00+00:00,-0.00723087,-0.04136107
2021-09-30 00:00:00+00:00,-0.00237038,0.02485336
2021-10-01 00:00:00+00:00,0.00190081,0.02042755
2021-10-04 00:00:00+00:00,0.00081847,-0.00187559
2021-10-05 00:00:00+00:00,-0.00180777,0.00039793
2021-10-06 00:00:00+00:00,-0.00349273,0.00170158
2021-10-07 00:00:00+00:00,0.00038944,-0.00315471
2021-10-08 00:00:00+00:00,0.00129763,0.00362944
2021-10-11 00:00:00+00:00,-0.00103757,-0.00210084
2021-10-12 00:00:00+00:00,-0.00199074,-0.00117452
2021-10-13 00:00:00+00:00,0.00576731,0.02358449
2021-10-14 00:00:00+00:00,-0.00056049,0.01926954
2021-10-15 00:00:00+00:00,0.00081964,-0.00859136
2021-10-18 00:00:00+00:00,0.00146596,-0.00651005
2021-10-19 00:00:00+00:00,0.00154992,0.01905460
2021-10-20 00:00:00+00:00,0.00180544,0.02747636
2021-10-21 00:00:00+00:00,-0.00236001,-0.00553771
2021-10-22 00:00:00+00:00,0.00141935,0.00734883
2021-10-25 00:00:00+00:00,-0.00262039,0.00680621
2021-10-26 00:00:00+00:00,-0.00107675,-0.01661542
2021-10-27 00:00:00+00:00,0.00017247,-0.00430686
2021-10-28 00:00:00+00:00,0.00724232,0.00112296
2021-10-29 00:00:00+00:00,-0.01044297,-0.00702104
2021-11-01 00:00:00+00:00,0.00376428,0.01038841
2021-11-02 00:00:00+00:00,-0.00176732,-0.02072970
2021-11-03 00:00:00+00:00,0.00315226,0.00845891
2021-11-04 00:00:00+00:00,-0.00516551,0.00219183
2021-11-05 00:00:00+00:00,0.00095193,0.01665510
2021-11-08 00:00:00+00:00,0.00168561,0.01313663
2021-11-09 00:00:00+00:00,0.00051778,-0.00576734
2021-11-10 00:00:00+00:00,-0.00935829,0.01394660
2021-11-11 00:00:00+00:00,-0.00330852,0.02428386
2021-11-12 00:00:00+00:00,-0.00017471,0.00279269
2021-11-15 00:00:00+00:00,-0.00651138,-0.01075396
2021-11-16 00:00:00+00:00,-0.00431072,-0.00919536
2021-11-17 00:00:00+00:00,0.00000000,0.00913977
2021-11-18 00:00:00+00:00,0.00441774,-0.00939613
2021-11-19 00:00:00+00:00,-0.00760908,-0.00845819
2021-11-22 00:00:00+00:00,-0.00301539,-0.01503179
2021-11-23 00:00:00+00:00,0.00026687,-0.02410856
2021-11-24 00:00:00+00:00,-0.00373516,-0.00397295
2021-11-25 00:00:00+00:00,0.00058023,0.00042434
2021-11-26 00:00:00+00:00,0.00954590,-0.01789956
2021-11-29 00:00:00+00:00,0.00004428,-0.01646196
2021-11-30 00:00:00+00:00,0.00327637,-0.00592786
2021-12-01 00:00:00+00:00,-0.00097087,-0.01870081
2021-12-02 00:00:00+00:00,-0.00114851,0.00035746
2021-12-03 00:00:00+00:00,0.00044224,0.00491335
2021-12-06 00:00:00+00:00,-0.00185767,-0.00852241
2021-12-07 00:00:00+00:00,-0.00097487,0.00526903
2021-12-08 00:00:00+00:00,0.00638723,-0.00266513
2021-12-09 00:00:00+00:00,-0.00445150,-0.02050951
2021-12-10 00:00:00+00:00,0.00172658,0.00920768
2021-12-13 00:00:00+00:00,-0.00243126,0.00359963
2021-12-14 00:00:00+00:00,-0.00225994,-0.01506422
2021-12-15 00:00:00+00:00,0.00288684,0.00548513
2021-12-16 00:00:00+00:00,0.00380851,0.01675042
2021-12-17 00:00:00+00:00,-0.00816164,-0.00251570
2021-12-20 00:00:00+00:00,0.00306858,-0.00442775
2021-12-21 00:00:00+00:00,0.00088672,0.01084906
2021-12-22 00:00:00+00:00,0.00345515,0.01226585
2021-12-23 00:00:00+00:00,-0.00030901,0.00450005
2021-12-24 00:00:00+00:00,-0.00030911,NaN
2021-12-27 00:00:00+00:00,0.00052987,0.00895046
2021-12-28 00:00:00+00:00,-0.00145638,-0.00173517
2021-12-29 00:00:00+00:00,0.00411032,-0.00808256
2021-12-30 00:00:00+00:00,-0.00325719,0.01090837
2021-12-31 00:00:00+00:00,0.00481342,0.01009729
